CHN_name,ENG_name,iso2,iso3,num
,,,,
安道尔,Andorra,AD,AND,020
阿联酋,United Arab Emirates,AE,ARE,784
阿富汗,Afghanistan,AF,AFG,004
安提瓜和巴布达,Antigua & Barbuda,AG,ATG,028
安圭拉,Anguilla,AI,AIA,660
阿尔巴尼亚,Albania,AL,ALB,008
亚美尼亚,Armenia,AM,ARM,051
安哥拉,Angola,AO,AGO,024
南极洲,Antarctica,AQ,ATA,010
阿根廷,Argentina,AR,ARG,032
美属萨摩亚,American Samoa,AS,ASM,016
奥地利,Austria,AT,AUT,040
澳大利亚,Australia,AU,AUS,036
阿鲁巴,Aruba,AW,ABW,533
奥兰群岛,?aland Island,AX,ALA,248
阿塞拜疆,Azerbaijan,AZ,AZE,031
波黑,Bosnia & Herzegovina,BA,BIH,070
巴巴多斯,Barbados,BB,BRB,052
孟加拉,Bangladesh,BD,BGD,050
比利时,Belgium,BE,BEL,056
布基纳法索,Burkina,BF,BFA,854
保加利亚,Bulgaria,BG,BGR,100
巴林,Bahrain,BH,BHR,048
布隆迪,Burundi,BI,BDI,108
贝宁,Benin,BJ,BEN,204
圣巴泰勒米岛,Saint Barthélemy,BL,BLM,652
百慕大,Bermuda,BM,BMU,060
文莱,Brunei,BN,BRN,096
玻利维亚,Bolivia,BO,BOL,068
荷兰加勒比区,Caribbean Netherlands,BQ,BES,535
巴西,Brazil,BR,BRA,076
巴哈马,The Bahamas,BS,BHS,044
不丹,Bhutan,BT,BTN,064
布韦岛,Bouvet Island,BV,BVT,074
博茨瓦纳,Botswana,BW,BWA,072
白俄罗斯,Belarus,BY,BLR,112
伯利兹,Belize,BZ,BLZ,084
加拿大,Canada,CA,CAN,124
科科斯群岛,Cocos (Keeling) Islands,CC,CCK,166
中非,Central African Republic,CF,CAF,140
瑞士,Switzerland,CH,CHE,756
智利,Chile,CL,CHL,152
喀麦隆,Cameroon,CM,CMR,120
哥伦比亚,Colombia,CO,COL,170
哥斯达黎加,Costa Rica,CR,CRI,188
古巴,Cuba,CU,CUB,192
佛得角,Cape Verde,CV,CPV,132
圣诞岛,Christmas Island,CX,CXR,162
塞浦路斯,Cyprus,CY,CYP,196
捷克,Czech Republic,CZ,CZE,203
德国,Germany,DE,DEU,276
吉布提,Djibouti,DJ,DJI,262
丹麦,Denmark,DK,DNK,208
多米尼克,Dominica,DM,DMA,212
多米尼加,Dominican Republic,DO,DOM,214
阿尔及利亚,Algeria,DZ,DZA,012
厄瓜多尔,Ecuador,EC,ECU,218
爱沙尼亚,Estonia,EE,EST,233
埃及,Egypt,EG,EGY,818
西撒哈拉,Western Sahara,EH,ESH,732
厄立特里亚,Eritrea,ER,ERI,232
西班牙,Spain,ES,ESP,724
芬兰,Finland,FI,FIN,246
斐济群岛,Fiji,FJ,FJI,242
马尔维纳斯群岛（ 福克兰）,Falkland Islands,FK,FLK,238
密克罗尼西亚联邦,Federated States of Micronesia,FM,FSM,583
法罗群岛,Faroe Islands,FO,FRO,234
法国,France,FR,FRA,250
加蓬,Gabon,GA,GAB,266
格林纳达,Grenada,GD,GRD,308
格鲁吉亚,Georgia,GE,GEO,268
法属圭亚那,French Guiana,GF,GUF,254
加纳,Ghana,GH,GHA,288
直布罗陀,Gibraltar,GI,GIB,292
格陵兰,Greenland,GL,GRL,304
几内亚,Guinea,GN,GIN,324
瓜德罗普,Guadeloupe,GP,GLP,312
赤道几内亚,Equatorial Guinea,GQ,GNQ,226
希腊,Greece,GR,GRC,300
南乔治亚岛和南桑威奇群岛,South Georgia and the South Sandwich Islands,GS,SGS,239
危地马拉,Guatemala,GT,GTM,320
关岛,Guam,GU,GUM,316
几内亚比绍,Guinea-Bissau,GW,GNB,624
圭亚那,Guyana,GY,GUY,328
香港,Hong Kong,HK,HKG,344
赫德岛和麦克唐纳群岛,Heard Island and McDonald Islands,HM,HMD,334
洪都拉斯,Honduras,HN,HND,340
克罗地亚,Croatia,HR,HRV,191
海地,Haiti,HT,HTI,332
匈牙利,Hungary,HU,HUN,348
印尼,Indonesia,ID,IDN,360
爱尔兰,Ireland,IE,IRL,372
以色列,Israel,IL,ISR,376
马恩岛,Isle of Man,IM,IMN,833
印度,India,IN,IND,356
英属印度洋领地,British Indian Ocean Territory,IO,IOT,086
伊拉克,Iraq,IQ,IRQ,368
伊朗,Iran,IR,IRN,364
冰岛,Iceland,IS,ISL,352
意大利,Italy,IT,ITA,380
泽西岛,Jersey,JE,JEY,832
牙买加,Jamaica,JM,JAM,388
约旦,Jordan,JO,JOR,400
日本,Japan,JP,JPN,392
柬埔寨,Cambodia,KH,KHM,116
基里巴斯,Kiribati,KI,KIR,296
科摩罗,The Comoros,KM,COM,174
科威特,Kuwait,KW,KWT,414
开曼群岛,Cayman Islands,KY,CYM,136
黎巴嫩,Lebanon,LB,LBN,422
列支敦士登,Liechtenstein,LI,LIE,438
斯里兰卡,Sri Lanka,LK,LKA,144
利比里亚,Liberia,LR,LBR,430
莱索托,Lesotho,LS,LSO,426
立陶宛,Lithuania,LT,LTU,440
卢森堡,Luxembourg,LU,LUX,442
拉脱维亚,Latvia,LV,LVA,428
利比亚,Libya,LY,LBY,434
摩洛哥,Morocco,MA,MAR,504
摩纳哥,Monaco,MC,MCO,492
摩尔多瓦,Moldova,MD,MDA,498
黑山,Montenegro,ME,MNE,499
法属圣马丁,Saint Martin (France),MF,MAF,663
马达加斯加,Madagascar,MG,MDG,450
马绍尔群岛,Marshall islands,MH,MHL,584
马其顿,Republic of Macedonia (FYROM),MK,MKD,807
马里,Mali,ML,MLI,466
缅甸,Myanmar (Burma),MM,MMR,104
澳门,Macao,MO,MAC,446
马提尼克,Martinique,MQ,MTQ,474
毛里塔尼亚,Mauritania,MR,MRT,478
蒙塞拉特岛,Montserrat,MS,MSR,500
马耳他,Malta,MT,MLT,470
马尔代夫,Maldives,MV,MDV,462
马拉维,Malawi,MW,MWI,454
墨西哥,Mexico,MX,MEX,484
马来西亚,Malaysia,MY,MYS,458
纳米比亚,Namibia,NA,NAM,516
尼日尔,Niger,NE,NER,562
诺福克岛,Norfolk Island,NF,NFK,574
尼日利亚,Nigeria,NG,NGA,566
尼加拉瓜,Nicaragua,NI,NIC,558
荷兰,Netherlands,NL,NLD,528
挪威,Norway,NO,NOR,578
尼泊尔,Nepal,NP,NPL,524
瑙鲁,Nauru,NR,NRU,520
阿曼,Oman,OM,OMN,512
巴拿马,Panama,PA,PAN,591
秘鲁,Peru,PE,PER,604
法属波利尼西亚,French polynesia,PF,PYF,258
巴布亚新几内亚,Papua New Guinea,PG,PNG,598
菲律宾,The Philippines,PH,PHL,608
巴基斯坦,Pakistan,PK,PAK,586
波兰,Poland,PL,POL,616
皮特凯恩群岛,Pitcairn Islands,PN,PCN,612
波多黎各,Puerto Rico,PR,PRI,630
巴勒斯坦,Palestinian territories,PS,PSE,275
帕劳,Palau,PW,PLW,585
巴拉圭,Paraguay,PY,PRY,600
卡塔尔,Qatar,QA,QAT,634
留尼汪,Réunion,RE,REU,638
罗马尼亚,Romania,RO,ROU,642
塞尔维亚,Serbia,RS,SRB,688
俄罗斯,Russian Federation,RU,RUS,643
卢旺达,Rwanda,RW,RWA,646
所罗门群岛,Solomon Islands,SB,SLB,090
塞舌尔,Seychelles,SC,SYC,690
苏丹,Sudan,SD,SDN,729
瑞典,Sweden,SE,SWE,752
新加坡,Singapore,SG,SGP,702
斯洛文尼亚,Slovenia,SI,SVN,705
斯瓦尔巴群岛和 扬马延岛,Template:Country data SJM Svalbard,SJ,SJM,744
斯洛伐克,Slovakia,SK,SVK,703
塞拉利昂,Sierra Leone,SL,SLE,694
圣马力诺,San Marino,SM,SMR,674
塞内加尔,Senegal,SN,SEN,686
索马里,Somalia,SO,SOM,706
苏里南,Suriname,SR,SUR,740
南苏丹,South Sudan,SS,SSD,728
圣多美和普林西比,Sao Tome & Principe,ST,STP,678
萨尔瓦多,El Salvador,SV,SLV,222
叙利亚,Syria,SY,SYR,760
斯威士兰,Swaziland,SZ,SWZ,748
特克斯和凯科斯群岛,Turks & Caicos Islands,TC,TCA,796
乍得,Chad,TD,TCD,148
多哥,Togo,TG,TGO,768
泰国,Thailand,TH,THA,764
托克劳,Tokelau,TK,TKL,772
东帝汶,Timor-Leste (East Timor),TL,TLS,626
突尼斯,Tunisia,TN,TUN,788
汤加,Tonga,TO,TON,776
土耳其,Turkey,TR,TUR,792
图瓦卢,Tuvalu,TV,TUV,798
坦桑尼亚,Tanzania,TZ,TZA,834
乌克兰,Ukraine,UA,UKR,804
乌干达,Uganda,UG,UGA,800
美国,United States of America (USA),US,USA,840
乌拉圭,Uruguay,UY,URY,858
梵蒂冈,Vatican City (The Holy See),VA,VAT,336
委内瑞拉,Venezuela,VE,VEN,862
英属维尔京群岛,British Virgin Islands,VG,VGB,092
美属维尔京群岛,United States Virgin Islands,VI,VIR,850
越南,Vietnam,VN,VNM,704
瓦利斯和富图纳,Wallis and Futuna,WF,WLF,876
萨摩亚,Samoa,WS,WSM,882
也门,Yemen,YE,YEM,887
马约特,Mayotte,YT,MYT,175
南非,South Africa,ZA,ZAF,710
赞比亚,Zambia,ZM,ZMB,894
津巴布韦,Zimbabwe,ZW,ZWE,716
中国 内地,China,CN,CHN,156
刚果（布）,Republic of the Congo,CG,COG,178
刚果（金）,Democratic Republic of the Congo,CD,COD,180
莫桑比克,Mozambique,MZ,MOZ,508
根西岛,Guernsey,GG,GGY,831
冈比亚,Gambia,GM,GMB,270
北马里亚纳群岛,Northern Mariana Islands,MP,MNP,580
埃塞俄比亚,Ethiopia,ET,ETH,231
新喀里多尼亚,New Caledonia,NC,NCL,540
瓦努阿图,Vanuatu,VU,VUT,548
法属南部领地,French Southern Territories,TF,ATF,260
纽埃,Niue,NU,NIU,570
美国本土外小岛屿,United States Minor Outlying Islands,UM,UMI,581
库克群岛,Cook Islands,CK,COK,184
英国,Great Britain (United Kingdom; England),GB,GBR,826
特立尼达和多巴哥,Trinidad & Tobago,TT,TTO,780
圣文森特和格林纳丁斯,St. Vincent & the Grenadines,VC,VCT,670
中华民国（台湾）,Taiwan,TW,TWN,158
新西兰,New Zealand,NZ,NZL,554
沙特阿拉伯,Saudi Arabia,SA,SAU,682
老挝,Laos,LA,LAO,418
朝鲜 北朝鲜,North Korea,KP,PRK,408
韩国 南朝鲜,South Korea,KR,KOR,410
葡萄牙,Portugal,PT,PRT,620
吉尔吉斯斯坦,Kyrgyzstan,KG,KGZ,417
哈萨克斯坦,Kazakhstan,KZ,KAZ,398
塔吉克斯坦,Tajikistan,TJ,TJK,762
土库曼斯坦,Turkmenistan,TM,TKM,795
乌兹别克斯坦,Uzbekistan,UZ,UZB,860
圣基茨和尼维斯,St. Kitts & Nevis,KN,KNA,659
圣皮埃尔和密克隆,Saint-Pierre and Miquelon,PM,SPM,666
圣赫勒拿,St. Helena & Dependencies,SH,SHN,654
圣卢西亚,St. Lucia,LC,LCA,662
毛里求斯,Mauritius,MU,MUS,480
科特迪瓦,C?te d'Ivoire,CI,CIV,384
肯尼亚,Kenya,KE,KEN,404
蒙古国 蒙古,Mongolia,MN,MNG,496
